"observation_date","GDPC1","DPCERD3Q086SBEA","EMRATIO","GPDIC1","B230RC0Q173SBEA","LREM25MAUSM156S","AHETPI","SHADOWRATE","PCECC96","PIRIC","UNRATE","PRS85006042","PRS85006042_lev","FEDFUNDS","AWHNONAG","CE16OV","CNP16OV"
1947 Q1,2182.681,11.556,NA,227.242,143143,NA,NA,NA,1351.397,4.75667105726372,NA,NA,9.299,NA,NA,NA,NA
1947 Q2,2176.892,11.648,NA,209.836,143790,NA,NA,NA,1373.88,4.83890674395702,NA,9.5,9.513,NA,NA,NA,NA
1947 Q3,2172.432,11.865,NA,203.662,144449,NA,NA,NA,1378.358,4.81456584870197,NA,-10.7,9.247,NA,NA,NA,NA
1947 Q4,2206.452,12.161,NA,243.072,145122,NA,NA,NA,1378.796,4.75481521764909,NA,22.5,9.729,NA,NA,NA,NA
1948 Q1,2239.682,12.295,56.4666666666667,268.012,145709,NA,NA,NA,1385.667,4.7230905092339,3.73333333333333,4.4,9.835,NA,NA,57976,102690.666666667
1948 Q2,2276.69,12.423,56.6333333333333,284.598,146289,NA,NA,NA,1401.789,4.73517156839945,3.66666666666667,-1.2,9.805,NA,NA,58296,102915.333333333
1948 Q3,2289.77,12.613,56.7666666666667,287.514,146921,NA,NA,NA,1403.859,4.78356805423826,3.76666666666667,3.3,9.885,NA,NA,58645.6666666667,103249
1948 Q4,2292.364,12.574,56.6,273.765,147607,NA,NA,NA,1415.063,4.79719400723473,3.83333333333333,-1.9,9.837,NA,NA,58514.6666666667,103417.666666667
1949 Q1,2260.807,12.476,56.1333333333333,232.885,148254,NA,NA,NA,1417.353,4.77714666248118,4.66666666666667,-2.7,9.77,NA,NA,58142,103584.333333333
1949 Q2,2253.128,12.4,55.3666666666667,201.926,148847,NA,NA,NA,1439.077,4.74655832205673,5.86666666666667,-2.5,9.708,NA,NA,57490.3333333333,103838
1949 Q3,2276.424,12.328,55.1333333333333,218.667,149485,NA,NA,NA,1442.341,4.67958199249056,6.7,5.3,9.833,NA,NA,57390.3333333333,104127.333333333
1949 Q4,2257.352,12.316,55.2666666666667,207.912,150167,NA,NA,NA,1463.488,4.64167666179172,6.96666666666667,-3.8,9.738,NA,NA,57707.6666666667,104427.666666667
1950 Q1,2346.104,12.294,55.1,257.271,150786,NA,NA,NA,1487.854,4.62270538305707,6.4,18.1,10.151,NA,NA,57704.6666666667,104733.333333333
1950 Q2,2417.682,12.352,55.9333333333333,284.803,151319,NA,NA,NA,1512.357,4.63601298463154,5.56666666666667,15.8,10.53,NA,NA,58761.3333333333,105020.333333333
1950 Q3,2511.127,12.61,56.5,309.285,151973,NA,NA,NA,1590.019,4.60454195153019,4.63333333333333,23.3,11.097,NA,NA,59457.6666666667,105248.333333333
1950 Q4,2559.214,12.836,56.8333333333333,348.585,152658,NA,NA,NA,1542.087,4.56760603662596,4.23333333333333,4.5,11.22,NA,NA,59643,104982.333333333
1951 Q1,2593.967,13.246,57.2,312.966,153291,NA,NA,NA,1579.375,4.54213708760085,3.5,7.4,11.421,NA,NA,59899.3333333333,104692.333333333
1951 Q2,2638.898,13.354,57.3333333333333,320.221,153902,NA,NA,NA,1534.744,4.53435269721836,3.1,2,11.477,NA,NA,59899,104506.666666667
1951 Q3,2693.259,13.372,57.3666666666667,296.643,154610,NA,NA,NA,1552.624,4.54034420061428,3.16666666666667,5,11.619,NA,NA,59954.3333333333,104542.666666667
1951 Q4,2699.156,13.549,57.3666666666667,273.007,155344,NA,NA,NA,1561.67,4.52365928319867,3.36666666666667,1.4,11.66,NA,NA,60114.3333333333,104746.666666667
1952 Q1,2727.954,13.606,57.5,280.13,155976,NA,NA,NA,1565.288,4.54357806619183,3.06666666666667,4.7,11.795,NA,NA,60276.6666666667,104863.333333333
1952 Q2,2733.8,13.602,57.2333333333333,259.01,156587,NA,NA,NA,1595.941,4.53639774858003,2.96666666666667,-2.5,11.722,NA,NA,60107.6666666667,105006.666666667
1952 Q3,2753.517,13.691,57.0666666666667,272.895,157267,NA,NA,NA,1603.596,4.52943396472942,3.23333333333333,0.9,11.749,NA,NA,60094,105342.666666667
1952 Q4,2843.941,13.714,57.3333333333333,292.552,157986,NA,NA,NA,1660.168,4.45356444278092,2.83333333333333,20.7,12.316,NA,NA,60611.3333333333,105703
1953 Q1,2896.811,13.766,57.9666666666667,298.847,158574,NA,NA,NA,1679.665,4.44402758434157,2.7,7.9,12.551,NA,NA,61831.3333333333,106672
1953 Q2,2919.206,13.786,57.3333333333333,300.547,159160,NA,NA,NA,1689.777,4.43767945369835,2.56666666666667,1.7,12.604,NA,NA,61306.3333333333,106904.666666667
1953 Q3,2902.785,13.861,57.1,294.261,159889,NA,NA,NA,1685.752,4.39783146977529,2.73333333333333,-2.2,12.533,NA,NA,61151.3333333333,107139.666666667
1953 Q4,2858.845,13.922,56.3,272.998,160639,NA,NA,NA,1674.449,4.35308039948021,3.7,-7.4,12.294,NA,NA,60536,107503.333333333
1954 Q1,2845.192,13.992,55.8666666666667,271.041,161328,NA,NA,NA,1680.625,4.32639965676472,5.26666666666667,-4.5,12.154,NA,NA,60291,107876.666666667
1954 Q2,2848.305,13.973,55.4333333333333,270.402,161983,NA,NA,NA,1702.449,4.27548318695907,5.8,-0.2,12.147,NA,NA,59961.6666666667,108177
1954 Q3,2880.482,13.927,55.2333333333333,283.451,162731,NA,NA,NA,1725.489,4.25227158587122,5.96666666666667,5.8,12.318,1.03,NA,59926,108443.333333333
1954 Q4,2936.852,13.912,55.4,295.882,163524,NA,NA,NA,1761.703,4.25171212438943,5.33333333333333,9.9,12.611,0.986666666666667,NA,60247.6666666667,108786
1955 Q1,3020.746,13.957,55.7333333333333,325.442,164204,NA,NA,NA,1801.231,4.26412189502081,4.73333333333333,15.2,13.066,1.34333333333333,NA,60814.6666666667,109130.333333333
1955 Q2,3069.91,13.971,56.2666666666667,345.235,164864,NA,NA,NA,1835.737,4.28951738889803,4.4,6.8,13.283,1.5,NA,61643.3333333333,109533.666666667
1955 Q3,3111.379,14.025,57.0666666666667,350.533,165612,NA,NA,NA,1858.411,4.31371388845942,4.1,5.8,13.471,1.94,NA,62753.3333333333,109883.666666667
1955 Q4,3130.068,14.063,57.4333333333333,358.661,166419,NA,NA,NA,1881.748,4.31845897185653,4.23333333333333,3.4,13.584,2.35666666666667,NA,63310.6666666667,110186
1956 Q1,3117.922,14.121,57.5333333333333,348.42,167109,NA,NA,NA,1884.805,4.32761817803841,4.03333333333333,-2.4,13.502,2.48333333333333,NA,63560.6666666667,110483.333333333
1956 Q2,3143.694,14.216,57.5333333333333,345.678,167788,NA,NA,NA,1891.074,4.3049852032079,4.2,2.9,13.598,2.69333333333333,NA,63765,110787.666666667
1956 Q3,3140.874,14.355,57.5666666666667,342.583,168573,NA,NA,NA,1895.35,4.32076034640874,4.13333333333333,-1.7,13.541,2.81,NA,63950.3333333333,111113.333333333
1956 Q4,3192.57,14.439,57.3666666666667,339.406,169416,NA,NA,NA,1921.479,4.33825372865015,4.13333333333333,6.7,13.762,2.92666666666667,NA,63893.6666666667,111431
1957 Q1,3213.011,14.569,57.3666666666667,334.137,170172,NA,NA,NA,1934.843,4.34584383415954,3.93333333333333,5.1,13.933,2.93333333333333,NA,64097.6666666667,111720.333333333
1957 Q2,3205.97,14.662,57.1666666666667,333.798,170869,NA,NA,NA,1938.216,4.34953071340327,4.1,-2.4,13.848,3,NA,64076,112045.333333333
1957 Q3,3237.386,14.781,57.1333333333333,341.451,171638,NA,NA,NA,1953.532,4.30304232880336,4.23333333333333,3.7,13.975,3.23333333333333,NA,64206.6666666667,112430.666666667
1957 Q4,3203.894,14.858,56.6,315.195,172417,NA,NA,NA,1954.346,4.252687955197,4.93333333333333,-6.8,13.732,3.25333333333333,NA,63879,112865.666666667
1958 Q1,3120.724,15.041,55.5666666666667,293.932,173064,NA,NA,NA,1927.309,4.15420506868993,6.3,-13.6,13.24,1.86333333333333,NA,62949.6666666667,113236.333333333
1958 Q2,3141.224,15.069,55.2666666666667,288.01,173729,NA,NA,NA,1943.243,4.10465903308506,7.36666666666667,1.7,13.295,0.94,NA,62745,113532
1958 Q3,3213.884,15.08,55.3333333333333,310.114,174483,NA,NA,NA,1975.484,4.06970302793972,7.33333333333333,13,13.707,1.32333333333333,NA,62979.3333333333,113846.333333333
1958 Q4,3289.032,15.074,55.5333333333333,336.555,175288,NA,NA,NA,2002.318,4.04643430496991,6.36666666666667,13.5,14.149,2.16333333333333,NA,63498,114283.333333333
1959 Q1,3352.129,15.176,55.7333333333333,354.894,176045,NA,NA,NA,2039.017,4.04341133087012,5.83333333333333,8.5,14.441,2.57,NA,63939.6666666667,114714.333333333
1959 Q2,3427.667,15.238,56.2666666666667,382.5,176727,NA,NA,NA,2070.508,4.03178454391872,5.1,12,14.857,3.08333333333333,NA,64772,115139
1959 Q3,3430.057,15.33,56.1333333333333,357.798,177481,NA,NA,NA,2092.138,3.999088102691,5.26666666666667,-0.6,14.834,3.57666666666667,NA,64875,115550.666666667
1959 Q4,3439.832,15.414,56.0333333333333,369.442,178268,NA,NA,NA,2094.495,3.96500701470524,5.6,-1.2,14.79,3.99,NA,64927.3333333333,115918
1960 Q1,3517.181,15.434,55.8666666666667,406.581,179319,NA,NA,4,2114.532,3.94708426301365,5.13333333333333,12.4,15.23,3.93333333333333,NA,65213.3333333333,116707.666666667
1960 Q2,3498.246,15.515,56.4333333333333,368.686,180401,NA,NA,3.5,2141.205,3.91640490893227,5.23333333333333,-5.5,15.018,3.69666666666667,NA,66061.3333333333,117036.666666667
1960 Q3,3515.385,15.573,56.2333333333333,367.749,181301,NA,NA,3,2132.646,3.88734442753435,5.53333333333333,0.1,15.023,2.93666666666667,NA,66023.6666666667,117411
1960 Q4,3470.278,15.642,55.8666666666667,327.01,182019,NA,NA,3,2135.408,3.85903550471372,6.26666666666667,-8.6,14.689,2.29666666666667,NA,65839.6666666667,117824.333333333
1961 Q1,3493.703,15.671,55.6,335.496,182634,NA,NA,2,2134.615,3.84862140134161,6.8,2.9,14.793,2.00333333333333,NA,65738,118254.333333333
1961 Q2,3553.021,15.669,55.3333333333333,359.004,183337,NA,NA,0.5,2166.382,3.8597800962908,7,9.9,15.147,1.73333333333333,NA,65605.3333333333,118636
1961 Q3,3621.252,15.726,55.1666666666667,386.914,184103,NA,NA,1.5,2176.916,3.84836264140336,6.76666666666667,9.5,15.496,1.68333333333333,NA,65667,119000.666666667
1961 Q4,3692.289,15.742,55.3666666666667,393.316,184894,NA,NA,2.5,2220.704,3.8347932275669,6.2,8.8,15.827,2.4,NA,65966.6666666667,119189.666666667
1962 Q1,3758.147,15.81,55.6,414.522,185553,NA,NA,2.75,2244.227,3.80838969734192,5.63333333333333,8.3,16.145,2.45666666666667,NA,66379.6666666667,119378.666666667
1962 Q2,3792.149,15.866,55.5666666666667,411.253,186203,NA,NA,2.75,2271.817,3.78960366895731,5.53333333333333,3.2,16.272,2.60666666666667,NA,66576.6666666667,119819.333333333
1962 Q3,3838.776,15.909,55.5666666666667,418.241,186926,NA,NA,2.75,2290.126,3.77795692239437,5.56666666666667,6,16.509,2.84666666666667,NA,66881,120368
1962 Q4,3851.421,15.957,55.3,406.004,187680,NA,NA,3,2322.53,3.749810038355,5.53333333333333,0.5,16.528,2.92333333333333,NA,66969.3333333333,121045.666666667
1963 Q1,3893.482,16.003,55.2,427.366,188299,NA,NA,3,2338.799,3.73612727269327,5.76666666666667,3.7,16.677,2.96666666666667,NA,67149,121640
1963 Q2,3937.183,16.029,55.3666666666667,434.164,188906,NA,NA,3,2360.869,3.72570054747606,5.73333333333333,5.7,16.911,2.96333333333333,NA,67635.3333333333,122166.666666667
1963 Q3,4023.755,16.106,55.4333333333333,447.531,189631,NA,NA,3.5,2392.896,3.69315773242895,5.5,11.4,17.373,3.33,NA,67995.6666666667,122669.666666667
1963 Q4,4050.147,16.166,55.4,452.965,190362,NA,NA,3.25,2412.836,3.67555186925836,5.56666666666667,2.9,17.497,3.45333333333333,NA,68258,123188.666666667
1964 Q1,4135.553,16.242,55.4666666666667,469.918,190954,NA,2.50333333333333,3.5,2460.191,3.63331984213527,5.46666666666667,11.3,17.971,3.46333333333333,38.4,68613.6666666667,123708
1964 Q2,4180.592,16.277,55.8666666666667,468.225,191560,NA,2.52333333333333,3.5,2503.709,3.63008106037437,5.2,4,18.149,3.49,38.6,69401.6666666667,124203
1964 Q3,4245.918,16.331,55.7,479.154,192256,NA,2.55,2.75,2549.958,3.60932304436585,5,6.9,18.454,3.45666666666667,38.5333333333333,69480,124739.333333333
1964 Q4,4259.046,16.384,55.6333333333333,483.706,192938,NA,2.56333333333333,4,2557.236,3.61189672566373,4.96666666666667,0,18.454,3.57666666666667,38.6,69710.3333333333,125289
1965 Q1,4362.111,16.437,55.7666666666667,529.824,193467,NA,2.59333333333333,4,2614.265,3.60225071602442,4.9,12.6,19.008,3.97666666666667,38.7,70187.6666666667,125814
1965 Q2,4417.225,16.52,56.1,531.216,193994,NA,2.61666666666667,4.13,2643.097,3.57397067471826,4.66666666666667,6,19.285,4.08,38.7,70897.3333333333,126324.666666667
1965 Q3,4515.427,16.582,56.3333333333333,549.712,194647,NA,2.64,4.13,2688.512,3.54066254544952,4.36666666666667,9.5,19.726,4.07666666666667,38.5666666666667,71369.3333333333,126745
1965 Q4,4619.458,16.632,56.4666666666667,553.352,195279,NA,2.66666666666667,4.63,2764.094,3.52187346307638,4.1,11.3,20.259,4.16666666666667,38.5666666666667,71827,127169.333333333
1966 Q1,4731.888,16.761,56.6333333333333,597.563,195763,NA,2.69,4.75,2804.899,3.45034370074967,3.86666666666667,11.7,20.829,4.56,38.6666666666667,72173.3333333333,127511.333333333
1966 Q2,4748.046,16.898,56.8,588.717,196277,NA,2.72,5.5,2812.086,3.44096827162344,3.83333333333333,1.1,20.887,4.91333333333333,38.5666666666667,72594,127868.666666667
1966 Q3,4788.254,17.027,57,584.373,196877,NA,2.75,5.75,2844.198,3.40396613536678,3.76666666666667,3.2,21.054,5.41,38.3666666666667,73088,128233.666666667
1966 Q4,4827.537,17.159,57.2666666666667,587.798,197481,NA,2.77666666666667,5,2856.047,3.39848051917517,3.7,1.5,21.132,5.56333333333333,38.3,73656.6666666667,128617
1967 Q1,4870.299,17.209,56.9666666666667,573.373,197967,NA,2.80666666666667,4.5,2872.504,3.3880145351868,3.83333333333333,2.8,21.276,4.82333333333333,38.0333333333333,73572,129043.666666667
1967 Q2,4873.287,17.29,57.1333333333333,552.629,198455,NA,2.83333333333333,3.5,2911.776,3.38193616933159,3.83333333333333,-0.9,21.226,3.99,37.8,74001.3333333333,129527
1967 Q3,4919.392,17.45,57.4,568.833,199012,NA,2.87333333333333,3.75,2926.685,3.37188598727453,3.8,3.4,21.406,3.89333333333333,37.8,74713.6666666667,130165.666666667
1967 Q4,4956.477,17.6,57.5333333333333,581.104,199572,NA,2.90666666666667,4.5,2944.594,3.37145160716678,3.9,3,21.565,4.17333333333333,37.8,75216.3333333333,130757.333333333
1968 Q1,5057.553,17.787,57.2333333333333,592.754,199995,NA,2.95333333333333,5.25,3015.162,3.35013131776258,3.73333333333333,10,22.086,4.79,37.7,75102.6666666667,131267
1968 Q2,5142.033,17.968,57.6666666666667,615.427,200452,NA,3,5.5,3061.075,3.32768325713272,3.56666666666667,7.8,22.506,5.98333333333333,37.7,75950,131712.333333333
1968 Q3,5181.859,18.154,57.5333333333333,598.643,200997,NA,3.04666666666667,5.5,3118.445,3.30254544247711,3.53333333333333,3,22.674,5.94666666666667,37.7,76100.6666666667,132250
1968 Q4,5202.212,18.355,57.6,605.155,201538,NA,3.09666666666667,4,3132.511,3.30867677129621,3.4,1.5,22.76,5.91666666666667,37.5666666666667,76498.6666666667,132880
1969 Q1,5283.597,18.534,57.8,640.79,201955,NA,3.14,6.25,3167.245,3.29363712498591,3.4,7.1,23.156,6.56666666666667,37.6,77166.3333333333,133476
1969 Q2,5299.625,18.77,57.9,637.015,202419,NA,3.19333333333333,7.5,3187.677,3.27494596376294,3.43333333333333,0.4,23.179,8.32666666666667,37.6,77605,134020.333333333
1969 Q3,5334.6,19,58.0666666666667,649.948,202986,NA,3.24,8.5,3203.218,3.25532152212965,3.56666666666667,2.4,23.317,8.98333333333333,37.5333333333333,78153,134595
1969 Q4,5308.556,19.22,58.1,618.565,203584,NA,3.29666666666667,5,3228.82,3.2549986106972,3.56666666666667,-3.1,23.134,8.94,37.4666666666667,78575.3333333333,135246.666666667
1970 Q1,5300.652,19.443,57.9333333333333,600.116,204086,NA,3.33333333333333,7.5,3248.853,3.24111758122452,4.16666666666667,-0.3,23.115,8.57333333333333,37.2666666666667,78780.3333333333,135949.666666667
1970 Q2,5308.164,19.659,57.5666666666667,601.421,204721,NA,3.37666666666667,5.75,3263.571,3.25628993970411,4.76666666666667,0.6,23.148,7.88666666666667,36.9666666666667,78635.6666666667,136676.666666667
1970 Q3,5357.077,19.85,57.2,611.208,205419,NA,3.43333333333333,5,3292.183,3.22869485329512,5.16666666666667,4.4,23.396,6.70666666666667,36.9333333333333,78616,137456
1970 Q4,5299.672,20.107,56.8666666666667,578.757,206130,NA,3.47333333333333,3,3283.245,3.22993987092482,5.83333333333333,-6.5,23.006,5.56666666666667,36.8,78643,138260.333333333
1971 Q1,5443.619,20.297,56.6,646.232,206763,NA,3.54666666666667,4.5,3346.268,3.24710716369218,5.93333333333333,14.5,23.797,3.85666666666667,36.7333333333333,78717.3333333333,139033.666666667
1971 Q2,5473.059,20.528,56.4666666666667,664.569,207362,NA,3.60333333333333,4.75,3377.022,3.24103259878291,5.9,2.5,23.943,4.56666666666667,36.7666666666667,78961,139827.333333333
1971 Q3,5518.072,20.729,56.5666666666667,672.632,208000,NA,3.65333333333333,5.38,3403.947,3.22227752169688,6.03333333333333,3.9,24.171,5.47666666666667,36.7,79511,140602.666666667
1971 Q4,5531.032,20.857,56.7333333333333,654.519,208642,NA,3.70333333333333,3,3460.427,3.21040050537969,5.93333333333333,0.8,24.217,4.75,36.8333333333333,80228.6666666667,141401.666666667
1972 Q1,5632.649,21.076,56.7666666666667,697.648,209142,NA,3.82,4,3506.098,3.21887493824186,5.76666666666667,11.3,24.874,3.54666666666667,36.8666666666667,81213.3333333333,143005.333333333
1972 Q2,5760.47,21.198,56.9666666666667,737.276,209637,NA,3.87333333333333,4.5,3572.842,3.22449446024247,5.7,11.3,25.548,4.3,36.8666666666667,81875,143758.666666667
1972 Q3,5814.854,21.384,57.0333333333333,747.745,210181,NA,3.92,4.88,3627.904,3.22317269844843,5.56666666666667,4.7,25.841,4.74333333333333,36.8333333333333,82450.3333333333,144522.666666667
1972 Q4,5912.22,21.559,57.1666666666667,752.434,210737,NA,3.98666666666667,5.5,3713.038,3.21508668470657,5.36666666666667,7.8,26.333,5.14666666666667,36.9,83002,145215
1973 Q1,6058.544,21.821,57.4666666666667,796.53,211192,NA,4.04666666666667,7.38,3780.829,3.19562021542281,4.93333333333333,16.1,27.332,6.53666666666667,36.9,83841.6666666667,145964.333333333
1973 Q2,6124.506,22.241,57.8,830.483,211663,NA,4.10333333333333,8.88,3779.125,3.16729051388243,4.93333333333333,4.4,27.628,7.81666666666667,36.9,84797.3333333333,146719.666666667
1973 Q3,6092.301,22.647,57.8666666666667,800.37,212191,NA,4.17,10.82,3792.426,3.14016512902756,4.8,-1.1,27.554,10.56,36.8333333333333,85330.3333333333,147478.333333333
1973 Q4,6150.131,23.112,58.1666666666667,828.879,212708,NA,4.23333333333333,9.83,3781.115,3.08192601617327,4.76666666666667,-0.5,27.52,9.99666666666667,36.7666666666667,86236,148226
1974 Q1,6097.258,23.8,58.2,781.544,213144,NA,4.29333333333333,9.95,3747.286,3.01407246783551,5.13333333333333,-2.6,27.34,9.32333333333333,36.6,86709.3333333333,148986.666666667
1974 Q2,6111.751,24.474,58,778.425,213602,NA,4.39,13.31,3760.779,3.0010540036603,5.2,-0.1,27.332,11.25,36.5,86833.6666666667,149746.666666667
1974 Q3,6053.978,25.134,57.8333333333333,738.08,214147,NA,4.49,11.11,3776.934,3.03927998572967,5.63333333333333,-5.3,26.96,12.09,36.4666666666667,87079,150498
1974 Q4,6030.464,25.77,57.2666666666667,742.56,214700,NA,4.57666666666667,3.87,3721.726,3.08133771241001,6.6,-3,26.756,9.34666666666667,36.1666666666667,86588.3333333333,151253
1975 Q1,5957.035,26.251,56.1666666666667,622.949,215135,NA,4.64,5.39,3752.942,3.11902318129128,8.26666666666667,-9.2,26.12,6.30333333333333,35.8666666666667,85356.6666666667,151987.333333333
1975 Q2,5999.61,26.571,55.9,604.403,215652,NA,4.69333333333333,5.97,3814.672,3.1551383161546,8.86666666666667,2.7,26.292,5.42,35.8666666666667,85331.6666666667,152707.666666667
1975 Q3,6102.326,27.067,56.0666666666667,651.26,216289,NA,4.77,6.22,3868.889,3.12504298179247,8.46666666666667,8.9,26.856,6.16,36.0333333333333,86135.6666666667,153579
1975 Q4,6184.53,27.521,56.0666666666667,669.438,216848,NA,4.85,5.37,3910.492,3.10839102583557,8.3,7.5,27.343,5.41333333333333,36.1333333333333,86497,154336.333333333
1976 Q1,6323.649,27.826,56.5333333333333,734.031,217314,NA,4.92666666666667,5.07,3988.677,3.09213285069692,7.73333333333333,13.2,28.204,4.82666666666667,36.2333333333333,87685.6666666667,155075
1976 Q2,6370.025,28.06,56.8666666666667,763.083,217776,NA,5.00666666666667,5.71,4025.375,3.09559864950522,7.56666666666667,4,28.479,5.19666666666667,36.1,88591,155773.666666667
1976 Q3,6404.895,28.488,56.9666666666667,765.742,218338,NA,5.10333333333333,5.31,4067.757,3.06954421704252,7.73333333333333,2.6,28.66,5.28333333333333,36.0666666666667,89163,156526.666666667
1976 Q4,6451.177,28.938,56.9666666666667,771.471,218917,NA,5.2,4.17,4120.536,3.05269390351885,7.76666666666667,3.3,28.897,4.87333333333333,35.9,89570.3333333333,157222
1977 Q1,6527.703,29.46,57.2,807.213,219427,89.68112,5.29333333333333,4.72,4169.104,3.02595123902742,7.5,7,29.39,4.66,35.8333333333333,90359.3333333333,157910.666666667
1977 Q2,6654.466,29.963,57.7666666666667,865.083,219956,90.0346833333333,5.39333333333333,5.64,4191.711,2.99529900821128,7.13333333333333,9.6,30.07,5.15666666666667,36,91661.3333333333,158652.333333333
1977 Q3,6774.457,30.414,57.9666666666667,908.859,220573,90.23766,5.48333333333333,6.46,4231.345,2.99455723321617,6.9,8.8,30.712,5.82,35.8666666666667,92409,159429.666666667
1977 Q4,6774.592,30.846,58.5,886.06,221201,90.7222666666667,5.58,6.53,4294.965,3.00640547374365,6.66666666666667,-1.2,30.62,6.51333333333333,35.9,93639.3333333333,160140.333333333
1978 Q1,6796.26,31.35,58.8,903.329,221719,90.8920866666667,5.69333333333333,6.97,4319.094,3.01335132455339,6.33333333333333,2.1,30.78,6.75666666666667,35.5666666666667,94552.6666666667,160828.666666667
1978 Q2,7058.92,31.994,59.3333333333333,962.001,222281,91.0631066666667,5.82333333333333,8.01,4411.431,3.00106711909562,6,21.4,32.306,7.28333333333333,35.8333333333333,95835.3333333333,161525.333333333
1978 Q3,7129.915,32.556,59.4,990.029,222933,90.9911933333333,5.93,8.9,4429.955,2.98918058686131,6.03333333333333,3.7,32.6,8.1,35.8,96397,162265
1978 Q4,7225.75,33.172,59.7666666666667,1012.924,223583,91.15943,6.05666666666667,10.84,4465.702,2.96702058162398,5.9,7.7,33.211,9.58333333333333,35.7333333333333,97399.6666666667,163024
1979 Q1,7238.727,33.798,60,1014.607,224152,91.2238533333333,6.17666666666667,10.07,4488.83,2.93621130632378,5.86666666666667,-0.8,33.146,10.0733333333333,35.7,98252.3333333333,163756.333333333
1979 Q2,7246.454,34.723,59.8333333333333,1013.693,224737,91.23546,6.26666666666667,10.54,4485.916,2.8949638730462,5.7,0.5,33.19,10.18,35.5,98371,164447.333333333
1979 Q3,7300.281,35.585,59.9333333333333,996.622,225418,91.2338133333333,6.40333333333333,12.16,4529.568,2.85594024826408,5.86666666666667,3.2,33.452,10.9466666666667,35.6,99040.6666666667,165199.666666667
1979 Q4,7318.535,36.448,60,978.943,226117,90.90714,6.51,14.77,4540.839,2.82770825013151,5.96666666666667,0.4,33.489,13.5766666666667,35.6,99637,166054.666666667
1980 Q1,7341.557,37.542,59.9,972.248,226754,90.3498,6.63,19.85,4534.348,2.80932135352797,6.3,0.9,33.567,15.0466666666667,35.3666666666667,99862.3333333333,166762.333333333
1980 Q2,7190.289,38.462,59.1333333333333,889.579,227389,89.1462133333333,6.76666666666667,10.44,4432.231,2.80061645335252,7.33333333333333,-10.8,32.617,12.6866666666667,35.1,98953.3333333333,167415.666666667
1980 Q3,7181.743,39.362,58.8333333333333,830.866,228070,88.7225933333333,6.90666666666667,13.19,4480.849,2.78625695327462,7.66666666666667,-0.2,32.597,9.83666666666667,35.0333333333333,98899,168110.666666667
1980 Q4,7315.677,40.337,58.9666666666667,908.306,228689,89.14827,7.08,22,4541.39,2.76730325691469,7.4,9.8,33.371,15.8533333333333,35.2666666666667,99498.6666666667,168693.666666667
1981 Q1,7459.022,41.385,59.2333333333333,992.376,229155,89.1931466666667,7.23333333333333,14.63,4556.603,2.74921960788902,7.43333333333333,8.8,34.08,16.57,35.3,100239,169279
1981 Q2,7403.745,42.079,59.3666666666667,951.246,229674,89.48396,7.37,18.64,4556.934,2.76268043310905,7.4,-4.8,33.665,17.78,35.2666666666667,100800.666666667,169837.333333333
1981 Q3,7492.405,42.772,58.9666666666667,1004.861,230301,89.0945466666667,7.51,16.58,4578.013,2.76308648390308,7.4,3.6,33.961,17.5766666666667,35.1333333333333,100482,170412.666666667
1981 Q4,7410.768,43.426,58.5333333333333,969.475,230903,88.1527566666667,7.62,13.13,4546.699,2.77337901324584,8.23333333333333,-5.8,33.454,13.5866666666667,35,100076.666666667,170990.333333333
1982 Q1,7295.631,43.975,58.1666666666667,877.772,231395,87.5503366666667,7.73,16.8,4580.19,2.77501443639718,8.83333333333333,-8.4,32.726,14.2266666666667,34.7,99708.6666666667,171497
1982 Q2,7328.912,44.397,57.9666666666667,877.104,231906,86.95551,7.82,14.58,4594.142,2.781314411686,9.43333333333333,2,32.886,14.5133333333333,34.8,99745,172020
1982 Q3,7300.896,45.096,57.7,869.067,232498,86.0930166666667,7.92666666666667,12.17,4624.939,2.75032695598838,9.9,-2.1,32.716,11.0066666666667,34.7666666666667,99543.3333333333,172521.666666667
1982 Q4,7303.817,45.592,57.3,801.889,233074,85.3218566666667,7.98333333333333,11.2,4705.953,2.72627642030147,10.6666666666667,-0.2,32.696,9.28666666666667,34.6333333333333,99119.6666666667,173046
1983 Q1,7400.066,45.967,57.1333333333333,829.672,233546,85.39802,8.08333333333333,10.81,4752.481,2.70635862255571,10.3666666666667,8.1,33.342,8.65333333333333,34.7,99143,173505
1983 Q2,7568.456,46.387,57.4666666666667,903.148,234028,85.6780766666667,8.16333333333333,10.06,4849.254,2.67604994145713,10.1333333333333,14.2,34.469,8.80333333333333,34.8666666666667,99945,173957.333333333
1983 Q3,7719.746,46.997,58.2333333333333,959.692,234603,86.3654466666667,8.23,10.59,4936.211,2.63911922097334,9.36666666666667,9.3,35.242,9.46,34.9333333333333,101610.666666667,174449.333333333
1983 Q4,7880.794,47.309,58.6333333333333,1053.054,235153,87.0702233333333,8.31666666666667,9.92,5014.874,2.62324793157245,8.53333333333333,10.2,36.11,9.43,35.1333333333333,102588,174950.333333333
1984 Q1,8034.847,47.823,59,1154.826,235605,87.8412833333333,8.39,10.24,5056.492,2.57351239687314,7.86666666666667,10,36.979,9.68666666666667,35.1666666666667,103664,175678.666666667
1984 Q2,8173.67,48.288,59.6333333333333,1192.381,236082,88.30526,8.46,10.85,5127.332,2.55175977212189,7.43333333333333,7.7,37.669,10.5566666666667,35.1333333333333,105040,176125.333333333
1984 Q3,8252.465,48.661,59.7,1218.184,236657,88.68787,8.52333333333333,11.23,5165.357,2.53174770733649,7.43333333333333,3.5,37.992,11.39,35.0666666666667,105362.666666667,176595.333333333
1984 Q4,8320.199,48.962,59.8,1202.383,237232,88.72258,8.57666666666667,8.74,5232.266,2.51723508656281,7.3,3.1,38.282,9.26666666666667,35,105944.333333333,177132.333333333
1985 Q1,8400.82,49.538,60.0333333333333,1169.416,237673,88.6055266666667,8.63666666666667,8.58,5321.159,2.49352469609385,7.23333333333333,4.6,38.711,8.47666666666667,34.8666666666667,106615.333333333,177522.333333333
1985 Q2,8474.787,49.94,60,1189.334,238176,88.61936,8.71,7.95,5370.011,2.47312810056492,7.3,4.1,39.098,7.92333333333333,34.9,106791,177946.333333333
1985 Q3,8604.22,50.332,60.0666666666667,1181.226,238789,88.7448033333333,8.76666666666667,8.84,5472.014,2.45198634723651,7.2,6.4,39.707,7.9,34.8,107186.333333333,178413.333333333
1985 Q4,8668.188,50.683,60.3666666666667,1224.763,239387,88.7990266666667,8.82333333333333,13.46,5483.866,2.44009727470887,7.03333333333333,3.7,40.066,8.10333333333333,34.8333333333333,108023.333333333,178940.666666667
1986 Q1,8749.127,51.044,60.4666666666667,1224.404,239861,88.63287,8.87333333333333,8.06,5531.807,2.42187885411176,7.03333333333333,4.2,40.482,7.82666666666667,34.8333333333333,108734.666666667,179825.333333333
1986 Q2,8788.524,50.991,60.5666666666667,1203.028,240368,88.412,8.9,7.72,5592.08,2.43637128055642,7.16666666666667,2.1,40.689,6.92,34.6333333333333,109205.666666667,180320.666666667
1986 Q3,8872.601,51.26,60.8,1170.667,240962,88.5364733333333,8.93,6.9,5690.971,2.43936082540451,6.96666666666667,3.8,41.069,6.20666666666667,34.6333333333333,109970,180835.666666667
1986 Q4,8920.193,51.57,60.9333333333333,1174.171,241539,88.4873433333333,8.99333333333333,14.35,5725.812,2.4344225068005,6.83333333333333,2.2,41.289,6.26666666666667,34.6333333333333,110492,181365.333333333
1987 Q1,8986.367,52.057,61.1,1205.858,242009,88.7785533333333,9.04666666666667,6.23,5731.226,2.41956320044518,6.6,3.1,41.606,6.22,34.7666666666667,111206,182001.333333333
1987 Q2,9083.256,52.559,61.4333333333333,1206.486,242520,88.9116533333333,9.1,6.56,5809.376,2.40150385402525,6.26666666666667,5.1,42.126,6.65,34.7333333333333,112158,182526.666666667
1987 Q3,9162.024,53.056,61.6666666666667,1206.662,243120,89.1056633333333,9.16333333333333,8.38,5875.641,2.38470995074672,6,2.9,42.429,6.84333333333333,34.7333333333333,112866.666666667,183016
1987 Q4,9319.332,53.514,61.9,1288.881,243721,89.2186866666667,9.25666666666667,6.89,5888.065,2.37710656770704,5.83333333333333,8.4,43.296,6.91666666666667,34.7333333333333,113526.666666667,183467
1988 Q1,9367.502,53.936,62,1227.008,244208,89.3459733333333,9.29666666666667,6.83,5992.101,2.363648888793,5.7,1.9,43.5,6.66333333333333,34.6,114093.333333333,183967.333333333
1988 Q2,9490.594,54.532,62.1666666666667,1256.243,244716,89.55837,9.39333333333333,8.27,6036.355,2.34683918437454,5.46666666666667,6.9,44.232,7.15666666666667,34.6,114623,184389.333333333
1988 Q3,9546.206,55.204,62.3666666666667,1263.222,245354,89.56647,9.47333333333333,8.54,6090.001,2.32662872476312,5.46666666666667,1.9,44.444,7.98333333333333,34.5333333333333,115232.666666667,184840.333333333
1988 Q4,9673.405,55.762,62.6,1282.499,245966,89.4795966666667,9.58,9.04,6159.246,2.31948614970917,5.33333333333333,5,44.993,8.47,34.6,115947.333333333,185253.333333333
1989 Q1,9771.725,56.404,62.9,1326.029,246460,89.7200033333333,9.67666666666667,9.79,6187.816,2.30014710586576,5.2,4.8,45.522,9.44333333333333,34.5666666666667,116835.333333333,185772.666666667
1989 Q2,9846.293,57.165,62.9333333333333,1313.202,247017,89.9044433333333,9.75333333333333,9.63,6216.695,2.27204560385002,5.23333333333333,2.7,45.831,9.72666666666667,34.4666666666667,117204.666666667,186178
1989 Q3,9919.228,57.503,62.9666666666667,1301.412,247698,89.98585,9.84333333333333,9.24,6276.877,2.26310071965177,5.23333333333333,2.8,46.15,9.08333333333333,34.4666666666667,117493.666666667,186602.333333333
1989 Q4,9938.767,57.957,62.9666666666667,1291.758,248374,89.9294333333333,9.94333333333333,7.97,6304.157,2.25075511600124,5.36666666666667,0.1,46.157,8.61333333333333,34.4333333333333,117774.333333333,187017.666666667
1990 Q1,10047.386,58.799,63.2,1304.586,248936,89.6293633333333,10.0666666666667,7.9509563482731,6357.213,2.22435060987948,5.3,5.1,46.73,8.25,34.4333333333333,119114.333333333,188519.666666667
1990 Q2,10083.855,59.333,63,1304.993,249711,89.36882,10.16,7.66850936415486,6376.579,2.20344961626721,5.33333333333333,1,46.851,8.24333333333333,34.3,118995.333333333,188916.333333333
1990 Q3,10090.569,60.087,62.6666666666667,1279.695,250595,88.9346333333333,10.2433333333333,7.51045173170882,6401.841,2.17754364395707,5.7,-0.8,46.762,8.16,34.2333333333333,118712,189352.666666667
1990 Q4,9998.704,60.882,62.3333333333333,1208.107,251482,88.4859533333333,10.32,6.7576338713869,6353.139,2.15151665193229,6.13333333333333,-5.7,46.079,7.74333333333333,34.1666666666667,118361,189866.333333333
1991 Q1,9951.916,61.201,61.9,1167.908,252258,87.9065533333333,10.39,5.75942857834753,6329.249,2.15623637013649,6.6,-2.7,45.769,6.42666666666667,34.1,117782.333333333,190271.666666667
1991 Q2,10029.51,61.534,61.7666666666667,1167.904,253063,87.6321266666667,10.49,5.52920423423313,6381.703,2.14455123290136,6.83333333333333,4,46.223,5.86333333333333,34.0666666666667,117729.333333333,190655.666666667
1991 Q3,10080.195,61.951,61.5666666666667,1191.028,253965,87.4273566666667,10.56,5.01706150028372,6413.521,2.1293289794992,6.86666666666667,3,46.565,5.64333333333333,34.1,117660,191121.333333333
1991 Q4,10115.329,62.4,61.3666666666667,1233.261,254835,87.08144,10.6133333333333,3.74803748176444,6410.312,2.10516020951756,7.1,1.2,46.705,4.81666666666667,34.1,117678.666666667,191650.666666667
1992 Q1,10236.435,62.79,61.4333333333333,1210.478,255585,86.8743766666667,10.66,3.52929196186183,6530.335,2.08339507072801,7.36666666666667,5.6,47.348,4.02333333333333,34.1,117958.333333333,192074.666666667
1992 Q2,10347.429,63.207,61.5333333333333,1278.935,256439,86.8410233333333,10.7433333333333,3.41979860362263,6574.665,2.06897836953894,7.6,5.1,47.937,3.77,34.2666666666667,118406.666666667,192506.666666667
1992 Q3,10449.673,63.61,61.5333333333333,1289.101,257386,86.8048466666667,10.8066666666667,2.84950075215069,6645.14,2.05472190649874,7.63333333333333,4.3,48.448,3.25666666666667,34.2333333333333,118753,193024.333333333
1992 Q4,10558.648,64.054,61.3666666666667,1328.433,258277,86.6296233333333,10.87,2.75757713285953,6724.342,2.04201382012832,7.36666666666667,5.1,49.05,3.03666666666667,34.2,118833.666666667,193615.666666667
1993 Q1,10576.275,64.436,61.4333333333333,1359.751,259039,86.7378033333333,10.9566666666667,2.92547776657819,6750.123,2.03019987466004,7.13333333333333,0.1,49.057,3.04,34.2333333333333,119297.333333333,194106
1993 Q2,10637.847,64.869,61.6666666666667,1367.575,259826,86.9570933333333,11.01,3.13662932663363,6811.522,2.02210163587853,7.06666666666667,2.2,49.324,3,34.3333333333333,119959.666666667,194555.333333333
1993 Q3,10688.606,65.151,61.8333333333333,1358.287,260714,87.1145566666667,11.07,3.03764463590414,6887.329,2.01688999866182,6.8,4.2,49.837,3.06,34.3666666666667,120625.666666667,195068
1993 Q4,10833.987,65.527,61.9,1429.661,261547,87.31912,11.1533333333333,3.12744610945956,6947.788,2.01160032538898,6.63333333333333,5.5,50.508,2.99,34.4333333333333,121152,195621
1994 Q1,10939.116,65.761,62.2,1484.116,262250,86.9941933333333,11.2333333333333,3.6875159333393,7027.255,2.01013551435434,6.56666666666667,3.7,50.966,3.21333333333333,34.3666666666667,121994,196085.333333333
1994 Q2,11087.361,66.128,62.3666666666667,1557.107,263020,87.1692633333333,11.29,4.68378122592799,7081.931,2.00439247733542,6.2,7,51.84,3.94,34.5,122596,196522
1994 Q3,11152.176,66.603,62.5333333333333,1531.67,263870,87.1522333333333,11.3633333333333,5.07684064075015,7135.93,1.99722083111907,6,2.4,52.153,4.48666666666667,34.5333333333333,123245,197050
1994 Q4,11279.932,66.916,63,1594.684,264678,87.7717933333333,11.45,7.11696591754881,7213.079,1.98985921460138,5.63333333333333,6,52.922,5.16666666666667,34.5,124449.666666667,197600.666666667
1995 Q1,11319.951,67.244,63.0666666666667,1611.428,265388,87.9046166666667,11.5166666666667,5.99939187314693,7231.032,1.98682098809989,5.46666666666667,2.2,53.214,5.81,34.4333333333333,124848.666666667,197882
1995 Q2,11353.721,67.635,62.8333333333333,1577.96,266142,87.6697466666667,11.5933333333333,5.67747200995314,7294.424,1.97351891055946,5.66666666666667,1.3,53.386,6.02,34.2333333333333,124629.333333333,198295.666666667
1995 Q3,11450.31,67.912,62.8333333333333,1568.555,267000,87.4896,11.6966666666667,5.54190451131708,7360.529,1.96143513880102,5.66666666666667,4.6,53.995,5.79666666666667,34.3,124933.666666667,198807
1995 Q4,11528.067,68.21,62.8,1607.513,267820,87.28698,11.78,5.33246134496444,7411.873,1.94540078584499,5.56666666666667,3.2,54.428,5.72,34.2333333333333,125221.333333333,199351.666666667
1996 Q1,11614.418,68.589,62.8666666666667,1633.332,268487,87.5563566666667,11.8733333333333,5.15158036118086,7480.231,1.92824789388964,5.53333333333333,3.3,54.871,5.36333333333333,34.1333333333333,125542,199776
1996 Q2,11808.14,69.048,63.0666666666667,1711.813,269251,87.70653,11.99,5.26490948898661,7560.702,1.90217060331893,5.5,7.9,55.923,5.24333333333333,34.3,126280,200279.333333333
1996 Q3,11914.063,69.342,63.3333333333333,1789.565,270128,88.2048566666667,12.0933333333333,5.29365760174813,7606.475,1.89148890667148,5.26666666666667,4.9,56.596,5.30666666666667,34.3666666666667,127218.333333333,200849.666666667
1996 Q4,12037.775,69.815,63.4333333333333,1787.19,270991,88.2680433333333,12.2,5.22491331019614,7667.062,1.87045061653824,5.33333333333333,5,57.292,5.28,34.4,127840.333333333,201457.333333333
1997 Q1,12115.472,70.124,63.4666666666667,1823.255,271709,88.1977066666667,12.3166666666667,5.491629838658,7747.88,1.85637778627,5.23333333333333,2.6,57.66,5.27666666666667,34.4,128495.666666667,202395.666666667
1997 Q2,12317.221,70.3,63.7333333333333,1935.157,272487,88.2840733333333,12.4266666666667,5.32470041499037,7782.76,1.84151578223622,5,8.1,58.797,5.52333333333333,34.4666666666667,129339.666666667,202835.333333333
1997 Q3,12471.01,70.485,63.9,1962.053,273391,88.64963,12.5566666666667,5.52925471321592,7915.359,1.82924379418421,4.86666666666667,5.8,59.628,5.53333333333333,34.5666666666667,129950.333333333,203366.666666667
1997 Q4,12577.495,70.707,64,1990.86,274246,88.6042633333333,12.7066666666667,5.4233050386952,8009.964,1.81299224226794,4.66666666666667,3.9,60.199,5.50666666666667,34.5666666666667,130503.666666667,203935.333333333
1998 Q1,12703.742,70.713,64,2078.205,274950,88.7339933333333,12.83,5.36670399251365,8090.987,1.79810595780665,4.63333333333333,6.3,61.129,5.52,34.5,130782.333333333,204395
1998 Q2,12821.339,70.84,64.0666666666667,2065.336,275703,88.8505533333333,12.96,5.29416504942893,8233.463,1.78152782414214,4.4,4.2,61.76,5.5,34.4333333333333,131259.333333333,204905
1998 Q3,12982.752,71.058,64.0333333333333,2118.989,276564,88.7568733333333,13.06,4.84767091690398,8340.831,1.76400157893542,4.53333333333333,6.1,62.688,5.53333333333333,34.4333333333333,131568.333333333,205482.666666667
1998 Q4,13191.67,71.245,64.2,2183.382,277400,88.98207,13.1733333333333,4.69305814446258,8461.33,1.74885889223207,4.43333333333333,8.3,63.946,4.86,34.4666666666667,132293.666666667,206097.666666667
1999 Q1,13315.597,71.384,64.2666666666667,2243.548,278103,89.1944333333333,13.3033333333333,4.72902102600073,8548.235,1.73512786756163,4.3,5,64.738,4.73333333333333,34.4,132943.333333333,206876
1999 Q2,13426.748,71.789,64.2333333333333,2244.682,278864,89.0132366666667,13.4233333333333,4.926389087238,8679.143,1.71657511170842,4.26666666666667,3.7,65.331,4.74666666666667,34.3666666666667,133214.666666667,207431.666666667
1999 Q3,13604.771,72.183,64.2,2306.47,279751,88.7511033333333,13.55,5.17266376850968,8776.715,1.69671724610342,4.23333333333333,6.4,66.353,5.09333333333333,34.3666666666667,133570.666666667,208043.666666667
1999 Q4,13827.98,72.622,64.3666666666667,2367.988,280592,88.9840566666667,13.6666666666667,5.82636795344202,8905.093,1.68020647881402,4.06666666666667,7.8,67.614,5.30666666666667,34.4,134275,208660.333333333
2000 Q1,13878.147,73.212,64.6,2351.223,281304,89.18027,13.7966666666667,6.06302629790308,9039.743,1.66462555501511,4.03333333333333,0.2,67.653,5.67666666666667,34.4,136619.333333333,211586
2000 Q2,14130.908,73.562,64.5333333333333,2490.501,282002,89.1396633333333,13.9366666666667,6.46070069383597,9124.152,1.6549257893344,3.93333333333333,9.5,69.204,6.27333333333333,34.3333333333333,136946.666666667,212242
2000 Q3,14145.312,74.037,64.2,2466.375,282769,88.8679266666667,14.07,6.52055231529091,9211.569,1.63926019065192,4,-0.4,69.133,6.52,34.2666666666667,136695.333333333,212918.666666667
2000 Q4,14229.765,74.457,64.3,2471.534,283518,88.8253933333333,14.23,5.98895430540875,9292.05,1.62529320918453,3.9,2.7,69.594,6.47333333333333,34.1333333333333,137341.333333333,213560.333333333
2001 Q1,14183.12,75.011,64.3333333333333,2358.969,284169,88.5568933333333,14.3566666666667,4.29516060628621,9325.751,1.60476081618457,4.23333333333333,-2.4,69.181,5.59333333333333,34.1,137724.333333333,214101
2001 Q2,14271.694,75.363,63.8333333333333,2362.652,284838,88.21749,14.4933333333333,3.27215831423739,9344.486,1.5904569013897,4.4,3,69.686,4.32666666666667,34,137088,214735.666666667
2001 Q3,14214.516,75.401,63.4666666666667,2311.409,285584,87.7069066666667,14.59,2.17295962684192,9377.003,1.58351192291028,4.83333333333333,-2.5,69.24,3.49666666666667,33.9,136719.333333333,215421.666666667
2001 Q4,14253.574,75.431,63.0333333333333,2196.554,286311,87.1749,14.7066666666667,0.674666983016517,9528.302,1.57585042475089,5.5,0.4,69.309,2.13333333333333,33.7666666666667,136225.666666667,216111.666666667
2002 Q1,14372.785,75.582,62.8333333333333,2262.071,286935,87.0337766666667,14.79,1.39709700433259,9549.516,1.56065389604342,5.7,5.1,70.184,1.73333333333333,33.8333333333333,136105.333333333,216664
2002 Q2,14460.848,76.142,62.7666666666667,2298.939,287574,86.6759466666667,14.8833333333333,1.02043057988522,9597.82,1.54100330310297,5.83333333333333,1.5,70.443,1.75,33.9,136360,217203.666666667
2002 Q3,14519.633,76.535,62.8,2295.983,288303,86.62765,15.0133333333333,1.58505416394464,9664.988,1.52380909101185,5.73333333333333,1.6,70.728,1.74,33.8666666666667,136806.666666667,217867.666666667
2002 Q4,14537.58,76.892,62.5333333333333,2293.746,289007,86.15797,15.1566666666667,1.12457930507984,9718.745,1.51241967907796,5.86666666666667,0.1,70.743,1.44333333333333,33.8,136651.666666667,218543
2003 Q1,14614.141,77.48,62.4666666666667,2312.465,289609,85.8875333333333,15.2566666666667,1.05894085723081,9766.616,1.49033894241125,5.86666666666667,1.9,71.074,1.25,33.6666666666667,137444.333333333,220109.333333333
2003 Q2,14743.567,77.557,62.3333333333333,2327.492,290253,85.7687833333333,15.3233333333333,1.10038591922318,9878.442,1.47717208474964,6.13333333333333,4,71.782,1.24666666666667,33.6333333333333,137655.666666667,220774
2003 Q3,14988.782,78.068,62.0666666666667,2411.638,290974,85.7050533333333,15.4133333333333,0.855586468881595,10018.122,1.45690961844224,6.13333333333333,9.7,73.471,1.01666666666667,33.6333333333333,137544,221512.666666667
2003 Q4,15162.76,78.451,62.2,2493.928,291669,86.0787566666667,15.45,0.740095504779112,10087.092,1.44690481879303,5.83333333333333,5.8,74.516,0.996666666666667,33.7,138273,222275.666666667
2004 Q1,15248.68,79.056,62.2666666666667,2498.14,292237,86.1886133333333,15.5333333333333,0.907943657718065,10181.141,1.44084839403057,5.7,0.6,74.624,1.00333333333333,33.7333333333333,138489,222356
2004 Q2,15366.85,79.587,62.3333333333333,2597.507,292875,86.3026066666667,15.63,1.32480405146639,10236.694,1.4377076110942,5.6,4.7,75.483,1.01,33.7,138902,222973.333333333
2004 Q3,15512.619,79.979,62.4,2638.672,293603,86.4743,15.7333333333333,1.92645593398973,10356.936,1.43056328093529,5.43333333333333,4.2,76.264,1.43333333333333,33.7,139538.666666667,223680
2004 Q4,15670.88,80.662,62.4,2693.575,294334,86.4051166666667,15.8366666666667,2.53487993883285,10474.084,1.42473906754547,5.43333333333333,4.1,77.031,1.95,33.7666666666667,140029.333333333,224418
2005 Q1,15844.727,81.131,62.4,2769.261,294957,86.58632,15.9333333333333,2.96344404553743,10540.638,1.42132689510981,5.3,5.5,78.073,2.47,33.7333333333333,140428,225038
2005 Q2,15922.782,81.644,62.7333333333333,2733.225,295588,86.99792,16.04,3.31739459862898,10657.449,1.4170208421869,5.1,1.7,78.403,2.94333333333333,33.7333333333333,141525.666666667,225674
2005 Q3,16047.587,82.526,62.8333333333333,2769.106,296340,87.16837,16.17,4.13786694864163,10745.873,1.40343657773972,4.96666666666667,3.8,79.139,3.46,33.7333333333333,142287,226422.333333333
2005 Q4,16136.734,83.184,62.7666666666667,2857.35,297086,86.94919,16.3133333333333,4.36298874870074,10765.68,1.39803033909537,4.96666666666667,2.6,79.656,3.98,33.8,142599.666666667,227196
2006 Q1,16353.835,83.617,63,2899.229,297736,87.0387333333333,16.48,4.76590061397672,10883.075,1.39420796233018,4.73333333333333,7.3,81.072,4.45666666666667,33.8333333333333,143449.333333333,227763.666666667
2006 Q2,16396.151,84.352,63.0666666666667,2882.564,298408,87.18637,16.67,5.2625752369177,10939.498,1.38140627422383,4.63333333333333,0.5,81.167,4.90666666666667,33.8333333333333,144067.666666667,228432.666666667
2006 Q3,16420.738,84.959,63.0666666666667,2871.589,299180,87.2835566666667,16.8233333333333,5.15401919502837,11009.748,1.37034827127188,4.63333333333333,0.7,81.317,5.24666666666667,33.8333333333333,144547.333333333,229166.333333333
2006 Q4,16561.866,84.818,63.3333333333333,2818.228,299946,87.7591966666667,16.9866666666667,5.16808265104887,11114.771,1.37405990295544,4.43333333333333,4.6,82.23,5.24666666666667,33.8666666666667,145606,229896
2007 Q1,16611.69,85.593,63.3,2800.037,300609,87.6652433333333,17.1566666666667,5.17541857240678,11183.323,1.35916889539276,4.5,1.2,82.483,5.25666666666667,33.8,146135,230839.333333333
2007 Q2,16713.314,86.319,63,2827.01,301284,87.6905,17.34,5.00676996358137,11212.669,1.34150956852473,4.5,3,83.089,5.25,33.8333333333333,145850.666666667,231482
2007 Q3,16809.587,86.808,62.8333333333333,2794.526,302062,87.35429,17.5033333333333,4.29143551383653,11287.468,1.32610925957085,4.66666666666667,2.5,83.596,5.07333333333333,33.8,145943.666666667,232210
2007 Q4,16915.191,87.691,62.7666666666667,2762.518,302829,87.3434133333333,17.63,3.69865434177768,11331.949,1.30580342917794,4.8,2.1,84.025,4.49666666666667,33.8,146271.333333333,232936.666666667
2008 Q1,16843.003,88.407,62.8,2686.998,303494,86.9779366666667,17.8066666666667,1.87452862600577,11316.411,1.29157168923362,5,-3.9,83.187,3.17666666666667,33.7333333333333,146206.666666667,232806.666666667
2008 Q2,16943.291,89.269,62.5333333333333,2641.85,304160,86.4471333333333,17.98,2.0540120740171,11347.595,1.27236421933726,5.33333333333333,2.4,83.677,2.08666666666667,33.7,145925.666666667,233410
2008 Q3,16854.295,90.222,62.0333333333333,2589.254,304902,85.8469266666667,18.16,1.91130426170128,11260.136,1.25828275221407,6,-3.4,82.958,1.94,33.6,145270.333333333,234110.333333333
2008 Q4,16485.35,88.781,61.3666666666667,2338.938,305616,84.7063733333333,18.3166666666667,0.649730963760244,11158.801,1.28279020089481,6.86666666666667,-11.7,80.406,0.506666666666667,33.4333333333333,144090.333333333,234825
2009 Q1,16298.262,88.181,60.2666666666667,2073.135,306237,82.6594066666667,18.4433333333333,0.750245201133062,11130.464,1.28022122883168,8.26666666666667,-6.2,79.136,0.183333333333333,33.2333333333333,141499.666666667,234912.666666667
2009 Q2,16269.145,88.531,59.6,1952.641,306866,81.3893966666667,18.5366666666667,0.0215336786947056,11075.748,1.25910906580924,9.3,-0.8,78.968,0.18,33.0333333333333,140304.333333333,235459.333333333
2009 Q3,16326.281,89.141,59.0333333333333,1946.867,307573,80.92803,18.6533333333333,-0.406046107991633,11150.23,1.23411801430532,9.63333333333333,1.3,79.223,0.156666666666667,33.1,139403.666666667,236093
2009 Q4,16502.754,89.828,58.4666666666667,2128.516,308285,80.7173366666667,18.7933333333333,-0.153977591909982,11137.946,1.22143304503074,9.93333333333333,5.5,80.293,0.12,33.1666666666667,138368,236739
2010 Q1,16582.71,90.175,58.5,2174.335,308901,80.9081866666667,18.9033333333333,-0.47634944389552,11202.495,1.20723267084965,9.83333333333333,2.1,80.721,0.133333333333333,33.2333333333333,138590,236996.333333333
2010 Q2,16743.162,90.314,58.6,2288.469,309488,81.00327,19,-0.542088200647739,11302.955,1.19793605811805,9.63333333333333,4.4,81.604,0.193333333333333,33.3666666666667,139226.333333333,237506
2010 Q3,16872.266,90.488,58.5333333333333,2390.072,310148,81.08822,19.0866666666667,-0.795698811889614,11383.596,1.18962137986305,9.46666666666667,4.5,82.515,0.186666666666667,33.4666666666667,139337.666666667,238103.666666667
2010 Q4,16960.864,91.068,58.2666666666667,2383.297,310817,80.9415266666667,19.2166666666667,-0.884818562231481,11453.368,1.18039484387325,9.5,3.2,83.176,0.186666666666667,33.5333333333333,139154.666666667,238711.333333333
2011 Q1,16920.632,91.833,58.3666666666667,2338.901,311376,81.3931433333333,19.3133333333333,-0.9914596073748,11497.12,1.17005294941418,9.03333333333333,-2.2,82.705,0.156666666666667,33.4666666666667,139427.666666667,238851.666666667
2011 Q2,17035.114,92.737,58.3,2434.538,311940,81.2657066666667,19.3933333333333,-1.12186599861687,11508.95,1.16061201798033,9.06666666666667,4.3,83.588,0.0933333333333333,33.6,139531.333333333,239316
2011 Q3,17031.313,93.166,58.3,2445.296,312606,81.23387,19.48,-1.40245812380008,11543.975,1.15298532153687,9,0.3,83.65,0.0833333333333333,33.6,139883,239871
2011 Q4,17222.583,93.474,58.5333333333333,2633.829,313258,81.7848766666667,19.5633333333333,-1.46643799480887,11563.89,1.14578500231203,8.63333333333333,5.8,84.844,0.0733333333333333,33.6666666666667,140698.666666667,240431.333333333
2012 Q1,17367.01,94.093,58.4666666666667,2692.179,313813,82.3886333333333,19.6033333333333,-1.26608957943896,11647.297,1.13751214678866,8.26666666666667,5.1,85.906,0.103333333333333,33.7333333333333,141826,242436
2012 Q2,17444.525,94.32,58.5,2752.614,314373,82.4692533333333,19.6866666666667,-1.11106693479822,11667.753,1.13113653734017,8.2,2.6,86.465,0.153333333333333,33.6666666666667,142165.333333333,242968.333333333
2012 Q3,17469.65,94.594,58.5333333333333,2759.86,315030,82.52863,19.76,-1.36046425687295,11691.414,1.12531275548109,8.03333333333333,1.1,86.707,0.143333333333333,33.6666666666667,142542.333333333,243564
2012 Q4,17489.852,95.124,58.7333333333333,2736.423,315685,82.7780366666667,19.85,-1.42990080075533,11738.007,1.1155174502707,7.8,0.8,86.881,0.16,33.6666666666667,143364.666666667,244169
2013 Q1,17662.4,95.458,58.5666666666667,2845.38,316196,82.6702666666667,19.98,-1.44058932608899,11814.326,1.10806201014005,7.73333333333333,4.7,87.888,0.143333333333333,33.7,143323.333333333,244828.666666667
2013 Q2,17709.671,95.506,58.6,2882.489,316733,82.89711,20.07,-0.969520218355705,11848.089,1.10462548547412,7.53333333333333,0.6,88.027,0.116666666666667,33.6666666666667,143838.666666667,245363.333333333
2013 Q3,17860.45,95.899,58.7,2998.991,317396,82.7227,20.18,-1.80234780471166,11896.258,1.09738481545287,7.23333333333333,4.5,89.01,0.0833333333333333,33.6,144336,245961
2013 Q4,18016.147,96.252,58.5333333333333,3027.805,318072,82.8397866666667,20.3,-2.13323502669663,12001.027,1.09284876031901,6.93333333333333,5.1,90.121,0.0866666666666667,33.6,144264.666666667,246564.333333333
2014 Q1,17953.974,96.694,58.8,2998.148,318645,83.1643133333333,20.4666666666667,-2.62438688706391,12044.203,1.08650714239405,6.66666666666667,-1.8,89.716,0.0733333333333333,33.5333333333333,145310.666666667,247086
2014 Q2,18185.911,97.126,58.9333333333333,3121.321,319228,83.4510833333333,20.55,-2.88858153972402,12159.899,1.0773147790398,6.2,7,91.254,0.0933333333333333,33.7,145913,247625
2014 Q3,18406.941,97.392,59.0333333333333,3193.152,319919,83.9839033333333,20.6433333333333,-2.80513891104033,12280.086,1.07379843751289,6.06666666666667,6.8,92.771,0.09,33.7,146569,248232.666666667
2014 Q4,18500.031,97.263,59.2666666666667,3203.351,320611,84.0250366666667,20.7266666666667,-2.42074792801607,12421.595,1.07058597416695,5.7,2.7,93.389,0.1,33.7666666666667,147482,248842.666666667
2015 Q1,18666.621,96.827,59.2333333333333,3314.895,321168,84.29231,20.85,-1.80844507528458,12516.902,1.07125482403801,5.53333333333333,4.4,94.403,0.11,33.7333333333333,148106,249900.666666667
2015 Q2,18782.243,97.311,59.3666666666667,3328.049,321744,84.41394,20.9666666666667,-1.40202799414047,12603.053,1.06211324102558,5.43333333333333,3.1,95.128,0.123333333333333,33.6,148714.666666667,250461.333333333
2015 Q3,18857.418,97.563,59.3,3335.27,322428,84.5585366666667,21.0766666666667,-0.742078595295798,12691.79,1.05372759922737,5.1,1.6,95.515,0.136666666666667,33.7333333333333,148945.666666667,251099
2015 Q4,18892.206,97.488,59.4333333333333,3315.334,323110,84.4225566666667,21.21,0.257343933402011,12743.411,1.04767221690539,5.03333333333333,0.4,95.618,0.16,33.7333333333333,149612.333333333,251741.333333333
2016 Q1,19001.69,97.535,59.7666666666667,3301.09,323689,85.0094933333333,21.3433333333333,0.506534787355903,12839.618,1.0398048966067,4.9,2.8,96.27,0.36,33.6333333333333,150936.666666667,252580.666666667
2016 Q2,19062.709,98.154,59.7,3287.033,324265,84.9592433333333,21.4833333333333,0.417986941505961,12903.306,1.03107805596178,4.93333333333333,1.3,96.577,0.373333333333333,33.6,151143,253180
2016 Q3,19197.938,98.492,59.7666666666667,3301.079,324926,84.8546766666667,21.6,0.510288419099323,12993.064,1.02153413788287,4.9,3.4,97.382,0.396666666666667,33.5666666666667,151698,253855
2016 Q4,19304.352,98.943,59.7,3391.749,325557,85.0187333333333,21.73,0.422156164009528,13060.061,1.01412521606951,4.76666666666667,3.1,98.128,0.45,33.5666666666667,151968,254534.333333333
2017 Q1,19398.343,99.52,60.0333333333333,3382.703,326053,85.18659,21.8466666666667,0.636018155030697,13160.475,1.00777763993563,4.56666666666667,2.1,98.631,0.7,33.5666666666667,152565.666666667,254247.333333333
2017 Q2,19506.949,99.72,60.1333333333333,3435.929,326554,85.3547633333333,21.9766666666667,1.05618329169534,13225.743,1.00485764661388,4.36666666666667,2.8,99.309,0.95,33.6666666666667,153214,254770.666666667
2017 Q3,19660.766,100.073,60.2333333333333,3493.166,327140,85.2855033333333,22.1166666666667,1.10453559025884,13315.382,0.997972185916385,4.33333333333333,4.2,100.344,1.15333333333333,33.6333333333333,153786,255356.666666667
2017 Q4,19882.352,100.672,60.1,3558.859,327692,85.7669533333333,22.2366666666667,1.40846047043339,13460.902,0.989551688982227,4.16666666666667,5.6,101.716,1.20333333333333,33.7333333333333,153772.666666667,255941.333333333
2018 Q1,20044.077,101.377,60.3,3612.936,328091,86.16584,22.42,1.64631903440365,13558.373,0.983282438696909,4.03333333333333,3.7,102.641,1.44666666666667,33.7,154945.333333333,256937
2018 Q2,20150.476,101.91,60.4666666666667,3612.389,328526,86.2388866666667,22.6033333333333,1.89002249336376,13630.967,0.978135582858118,3.93333333333333,2,103.158,1.73666666666667,33.7333333333333,155575.333333333,257456
2018 Q3,20276.154,102.252,60.4333333333333,3722.248,329040,86.0208566666667,22.78,2.16541811803027,13693.79,0.973249233037548,3.76666666666667,3,103.911,1.92333333333333,33.7333333333333,155888.333333333,258066.333333333
2018 Q4,20304.874,102.64,60.5666666666667,3724.752,329522,86.21552,23,2.53086883426369,13736.572,0.967907575531405,3.83333333333333,0.5,104.053,2.22,33.7,156643,258703.333333333
2019 Q1,20431.641,102.848,60.6333333333333,3755.53,329868,86.5546866666667,23.2033333333333,2.4034558197094,13758.331,0.967899902138801,3.86666666666667,3.5,104.96,2.40333333333333,33.7,156683.666666667,258389.333333333
2019 Q2,20602.275,103.423,60.6,3790.049,330245,86.27611,23.4033333333333,2.18571970212691,13875.705,0.960651945615476,3.63333333333333,3.8,105.937,2.39666666666667,33.6333333333333,156892.666666667,258863.666666667
2019 Q3,20843.322,103.67,60.8666666666667,3819.94,330729,86.2503833333333,23.6066666666667,1.95836814200176,14033.222,0.955353994007101,3.6,5.8,107.435,2.19,33.5666666666667,157899,259431.666666667
2019 Q4,20985.448,104.076,61.0333333333333,3770.431,331208,86.61879,23.8066666666667,1.60878113820007,14125.274,0.94766702829978,3.6,2.8,108.191,1.64333333333333,33.5666666666667,158673,260015.333333333
2020 Q1,20709.212,104.436,60.6666666666667,3676.274,331545,86.2838233333333,24.0233333333333,1.24459008962051,13887.048,0.944495902868169,3.83333333333333,-7.5,106.099,1.26,33.5666666666667,157525,259629.333333333
2020 Q2,19077.992,104.004,52.8666666666667,3163.508,331765,77.7555333333333,24.9666666666667,0.460336994573209,12685.319,0.946069336044762,13,-32.9,96.037,0.06,33.8666666666667,137566.666666667,260049
2020 Q3,20558.879,104.818,56.1,3755.526,331938,80.87335,24.77,0.197344619789324,13813.706,0.943206387536916,8.8,46.3,105.621,0.0933333333333333,34.0666666666667,146214.666666667,260557.666666667
2020 Q4,20791.917,105.346,57.4333333333333,3878.929,332111,82.2163366666667,24.9866666666667,-0.114102905836269,14001.366,0.94285465423671,6.76666666666667,5.7,107.098,0.09,34.2333333333333,149946.666666667,261080
2021 Q1,21082.134,106.535,57.5666666666667,3849.329,332056,82.7239033333333,25.26,-0.818945916794544,14319.617,0.934478795463734,6.23333333333333,7.2,108.985,0.08,34.2666666666667,150228.333333333,260924
2021 Q2,21440.929,108.148,58,3799.029,332217,82.9374966666667,25.6666666666667,-1.87491361856472,14820.014,0.93640684220445,5.93333333333333,7.6,111.001,0.07,34.3333333333333,151450,261217
2021 Q3,21617.828,109.62,58.6,3937.3,332634,83.95519,26.1233333333333,-1.83199244077975,14943.244,0.940968272223216,5.06666666666667,3.4,111.936,0.09,34.2333333333333,153288.666666667,261615.333333333
2021 Q4,21988.737,111.455,59.3,4191.773,333113,84.9775433333333,26.5933333333333,-1.5689049161762,15086.862,0.94485107574512,4.2,9.1,114.404,0.08,34.2,155368,262024.333333333
2022 Q1,21932.71,113.563,59.8666666666667,4272.382,333476,85.6414733333333,27.0033333333333,0.00447792558287362,15100.85,0.948345491908257,3.83333333333333,-2,113.819,0.12,34.0666666666667,157639.666666667,263323.333333333
2022 Q2,21967.045,115.647,59.9666666666667,4176.99,333979,85.8959966666667,27.4033333333333,NA,15224.357,0.943986156386865,3.63333333333333,-0.3,113.723,0.77,34.0666666666667,158121,263691
2022 Q3,22125.625,116.98,60.0333333333333,4105.292,334653,85.8899466666667,27.75,NA,15295.828,0.944067860836167,3.53333333333333,2.6,114.457,2.19,34.0333333333333,158601,264184
2022 Q4,22278.345,118.172,60,4184.98,335382,85.9852433333333,28.1166666666667,NA,15326.248,0.936271736601851,3.56666666666667,3.7,115.491,3.65333333333333,33.9,158816.666666667,264695.666666667
2023 Q1,22439.607,119.304,60.3,4108.542,336018,86.1712433333333,28.4433333333333,NA,15495.754,0.928781515315892,3.53333333333333,2.5,116.2,4.51666666666667,33.9666666666667,160474.666666667,266115.333333333
2023 Q2,22580.499,120.184,60.3333333333333,4180.752,336685,86.3716166666667,28.7866666666667,NA,15553.719,0.91893519397365,3.53333333333333,2.4,116.888,4.99,33.8333333333333,160916.333333333,266620.666666667
2023 Q3,22840.989,120.993,60.4,4275.527,337500,86.41162,29.08,NA,15671.906,0.908819434906671,3.66666666666667,5,118.32,5.26,33.8,161366.666666667,267214.333333333
2023 Q4,23033.78,121.539,60.2333333333333,4313.169,338360,86.12525,29.3766666666667,NA,15789.717,0.904499274778321,3.8,3.4,119.31,5.33,33.7666666666667,161407,267818.333333333
2024 Q1,23082.119,122.614,60.2,4296.251,339119,86.3232533333333,29.6933333333333,NA,15857.704,NA,3.83333333333333,1.3,119.7,5.33,33.6666666666667,161209.333333333,267711.666666667
2024 Q2,23286.508,123.401,60.1,4381.983,339929,86.1967266666667,29.9633333333333,NA,16009.637,NA,4,3,120.602,5.33,33.7,161271.333333333,268250.666666667
2024 Q3,23478.57,123.921,60.0333333333333,4392.176,340637,86.40839,30.2733333333333,NA,16165.768,NA,4.16666666666667,3.6,121.679,5.26333333333333,33.7,161482,268860
2024 Q4,23586.542,124.695,59.9333333333333,4315.564,341164,86.14266,30.58,NA,16320.89,NA,4.13333333333333,2.5,122.446,4.65,33.6666666666667,161433.333333333,269463.333333333
2025 Q1,23548.21,125.751,59.9666666666667,4547.947,341590,86.1825766666667,30.8933333333333,NA,16345.793,NA,4.1,-0.6,122.264,4.33,33.6666666666667,163570,272851.666666667
2025 Q2,23770.976,126.416,59.8,4382.819,342034,86.2881666666667,31.15,NA,16445.685,NA,4.16666666666667,4.4,123.588,4.33,33.6666666666667,163536,273389
2025 Q3,NA,NA,59.6,NA,NA,86.157135,31.4,NA,NA,NA,4.25,NA,NA,4.29333333333333,33.7,163250,273893
